coarse_coverage_proportion,delta_percentage_points,fold,hybrid_coverage_proportion,metric,n_clusters,n_events,original_class,scope
0.6626380495936653,2.4171702438007925,0,0.6868097520316733,event_weighted_coverage,113,4799,,all
0.703967427667971,1.4151991682587517,0,0.7181194193505586,instance_weighted_coverage,113,4799,,all
0.0,0.0,0,0.0,strict_all_events_gate,113,4799,,all
0.912751677852349,0.3355704697986517,0,0.9161073825503355,event_weighted_coverage,97,298,patch,original_class
0.9011863852070039,0.8877434135166173,0,0.9100638193421701,instance_weighted_coverage,97,298,patch,original_class
0.8144329896907216,1.0309278350515427,0,0.8247422680412371,strict_all_events_gate,97,298,patch,original_class
0.9475982532751092,2.008733624454151,0,0.9676855895196507,event_weighted_coverage,112,1145,read,original_class
0.960108964427142,2.125538982437347,0,0.9813643542515155,instance_weighted_coverage,112,1145,read,original_class
0.7321428571428571,8.03571428571429,0,0.8125,strict_all_events_gate,112,1145,read,original_class
0.9319526627218935,0.0,0,0.9319526627218935,event_weighted_coverage,104,676,search,original_class
0.921791154616088,0.0,0,0.921791154616088,instance_weighted_coverage,104,676,search,original_class
0.7596153846153846,0.0,0,0.7596153846153846,strict_all_events_gate,104,676,search,original_class
0.2533215234720992,8.148804251550047,0,0.33480956598759964,event_weighted_coverage,108,1129,shell,original_class
0.2853845385044507,4.007397101845439,0,0.3254585095229051,instance_weighted_coverage,108,1129,shell,original_class
0.009259259259259259,0.0,0,0.009259259259259259,strict_all_events_gate,108,1129,shell,original_class
0.1419141914191419,0.0,0,0.1419141914191419,event_weighted_coverage,65,303,test,original_class
0.11002331002331002,0.0,0,0.11002331002331002,instance_weighted_coverage,65,303,test,original_class
0.03076923076923077,0.0,0,0.03076923076923077,strict_all_events_gate,65,303,test,original_class
0.5014792899408284,0.0,0,0.5014792899408284,event_weighted_coverage,113,676,traversal,original_class
0.5263481715575522,0.0,0,0.5263481715575522,instance_weighted_coverage,113,676,traversal,original_class
0.11504424778761062,0.0,0,0.11504424778761062,strict_all_events_gate,113,676,traversal,original_class
0.9178321678321678,0.0,0,0.9178321678321678,event_weighted_coverage,109,572,write,original_class
0.9109947447836121,0.0,0,0.9109947447836121,instance_weighted_coverage,109,572,write,original_class
0.7522935779816514,0.0,0,0.7522935779816514,strict_all_events_gate,109,572,write,original_class
0.6548406494287432,0.4509921828021679,1,0.6593505712567649,event_weighted_coverage,94,3326,,all
0.6549309946747638,0.3414361890683004,1,0.6583453565654468,instance_weighted_coverage,94,3326,,all
0.0,0.0,1,0.0,strict_all_events_gate,94,3326,,all
0.9507389162561576,-0.9852216748768461,1,0.9408866995073891,event_weighted_coverage,79,203,patch,original_class
0.9380650994575046,-1.2658227848101333,1,0.9254068716094033,instance_weighted_coverage,79,203,patch,original_class
0.8860759493670886,-1.2658227848101222,1,0.8734177215189873,strict_all_events_gate,79,203,patch,original_class
0.9277777777777778,1.8888888888888844,1,0.9466666666666667,event_weighted_coverage,91,900,read,original_class
0.9245687519897684,1.5869892088985371,1,0.9404386440787538,instance_weighted_coverage,91,900,read,original_class
0.6923076923076923,3.296703296703296,1,0.7252747252747253,strict_all_events_gate,91,900,read,original_class
0.8931818181818182,0.0,1,0.8931818181818182,event_weighted_coverage,79,440,search,original_class
0.8467442919165026,0.0,1,0.8467442919165026,instance_weighted_coverage,79,440,search,original_class
0.6835443037974683,0.0,1,0.6835443037974683,strict_all_events_gate,79,440,search,original_class
0.23481781376518218,0.0,1,0.23481781376518218,event_weighted_coverage,90,741,shell,original_class
0.2448983732317066,0.0,1,0.2448983732317066,instance_weighted_coverage,90,741,shell,original_class
0.0,0.0,1,0.0,strict_all_events_gate,90,741,shell,original_class
0.10194174757281553,0.0,1,0.10194174757281553,event_weighted_coverage,53,206,test,original_class
0.06890702282092984,0.0,1,0.06890702282092984,instance_weighted_coverage,53,206,test,original_class
0.0,0.0,1,0.0,strict_all_events_gate,53,206,test,original_class
0.4672686230248307,0.0,1,0.4672686230248307,event_weighted_coverage,94,443,traversal,original_class
0.5581399494367214,0.0,1,0.5581399494367214,instance_weighted_coverage,94,443,traversal,original_class
0.2553191489361702,0.0,1,0.2553191489361702,strict_all_events_gate,94,443,traversal,original_class
0.9033078880407125,0.0,1,0.9033078880407125,event_weighted_coverage,89,393,write,original_class
0.8970126627429998,0.0,1,0.8970126627429998,instance_weighted_coverage,89,393,write,original_class
0.7640449438202247,0.0,1,0.7640449438202247,strict_all_events_gate,89,393,write,original_class
0.7033195020746889,0.18672199170124415,2,0.7051867219917013,event_weighted_coverage,106,4820,,all
0.6823161641344507,0.21133486951029345,2,0.6844295128295537,instance_weighted_coverage,106,4820,,all
0.0,0.0,2,0.0,strict_all_events_gate,106,4820,,all
0.9082278481012658,3.164556962025322,2,0.939873417721519,event_weighted_coverage,93,316,patch,original_class
0.9209746865094912,3.409246855766368,2,0.9550671550671549,instance_weighted_coverage,93,316,patch,original_class
0.8064516129032258,6.451612903225811,2,0.8709677419354839,strict_all_events_gate,93,316,patch,original_class
0.948905109489051,-0.07299270072992359,2,0.9481751824817518,event_weighted_coverage,106,1370,read,original_class
0.9452254629696358,-0.7200563186966935,2,0.9380248997826689,instance_weighted_coverage,106,1370,read,original_class
0.6981132075471698,-4.716981132075471,2,0.6509433962264151,strict_all_events_gate,106,1370,read,original_class
0.9113149847094801,0.0,2,0.9113149847094801,event_weighted_coverage,92,654,search,original_class
0.8724708262751742,0.0,2,0.8724708262751742,instance_weighted_coverage,92,654,search,original_class
0.6956521739130435,0.0,2,0.6956521739130435,strict_all_events_gate,92,654,search,original_class
0.32573599240265905,0.0,2,0.32573599240265905,event_weighted_coverage,104,1053,shell,original_class
0.3287328196933728,0.0,2,0.3287328196933728,instance_weighted_coverage,104,1053,shell,original_class
0.009615384615384616,0.0,2,0.009615384615384616,strict_all_events_gate,104,1053,shell,original_class
0.10545454545454545,0.0,2,0.10545454545454545,event_weighted_coverage,67,275,test,original_class
0.04344908751437321,0.0,2,0.04344908751437321,instance_weighted_coverage,67,275,test,original_class
0.0,0.0,2,0.0,strict_all_events_gate,67,275,test,original_class
0.5970149253731343,0.0,2,0.5970149253731343,event_weighted_coverage,106,603,traversal,original_class
0.5512122211389574,0.0,2,0.5512122211389574,instance_weighted_coverage,106,603,traversal,original_class
0.14150943396226415,0.0,2,0.14150943396226415,strict_all_events_gate,106,603,traversal,original_class
0.8652094717668488,0.0,2,0.8652094717668488,event_weighted_coverage,102,549,write,original_class
0.8726534205661343,0.0,2,0.8726534205661343,instance_weighted_coverage,102,549,write,original_class
0.7156862745098039,0.0,2,0.7156862745098039,strict_all_events_gate,102,549,write,original_class
0.6451279933938894,0.5573905862923167,3,0.6507018992568125,event_weighted_coverage,119,4844,,all
0.6774091050403371,0.5746789217493609,3,0.6831558942578307,instance_weighted_coverage,119,4844,,all
0.0,0.0,3,0.0,strict_all_events_gate,119,4844,,all
0.8867313915857605,0.0,3,0.8867313915857605,event_weighted_coverage,95,309,patch,original_class
0.8743875038473375,0.0,3,0.8743875038473375,instance_weighted_coverage,95,309,patch,original_class
0.7789473684210526,0.0,3,0.7789473684210526,strict_all_events_gate,95,309,patch,original_class
0.9296013570822731,1.2722646310432628,3,0.9423240033927057,event_weighted_coverage,115,1179,read,original_class
0.934672585868238,0.954210041166581,3,0.9442146862799038,instance_weighted_coverage,115,1179,read,original_class
0.7130434782608696,3.4782608695652195,3,0.7478260869565218,strict_all_events_gate,115,1179,read,original_class
0.8445839874411303,1.883830455259028,3,0.8634222919937206,event_weighted_coverage,108,637,search,original_class
0.9208754208754207,2.8538359788359724,3,0.9494137806637805,instance_weighted_coverage,108,637,search,original_class
0.7777777777777778,6.481481481481477,3,0.8425925925925926,strict_all_events_gate,108,637,search,original_class
0.28608923884514437,0.0,3,0.28608923884514437,event_weighted_coverage,114,1143,shell,original_class
0.32637494797682703,0.0,3,0.32637494797682703,instance_weighted_coverage,114,1143,shell,original_class
0.017543859649122806,0.0,3,0.017543859649122806,strict_all_events_gate,114,1143,shell,original_class
0.06918238993710692,0.0,3,0.06918238993710692,event_weighted_coverage,68,318,test,original_class
0.0625891265597148,0.0,3,0.0625891265597148,instance_weighted_coverage,68,318,test,original_class
0.0,0.0,3,0.0,strict_all_events_gate,68,318,test,original_class
0.5167682926829268,0.0,3,0.5167682926829268,event_weighted_coverage,119,656,traversal,original_class
0.512387294821086,0.0,3,0.512387294821086,instance_weighted_coverage,119,656,traversal,original_class
0.12605042016806722,0.0,3,0.12605042016806722,strict_all_events_gate,119,656,traversal,original_class
0.8787375415282392,0.0,3,0.8787375415282392,event_weighted_coverage,110,602,write,original_class
0.8804816017316017,0.0,3,0.8804816017316017,instance_weighted_coverage,110,602,write,original_class
0.7181818181818181,0.0,3,0.7181818181818181,strict_all_events_gate,110,602,write,original_class
0.7100439882697948,0.1832844574780057,4,0.7118768328445748,event_weighted_coverage,113,5456,,all
0.7044763731560296,0.22011920623640213,4,0.7066775652183936,instance_weighted_coverage,113,5456,,all
0.0,0.0,4,0.0,strict_all_events_gate,113,5456,,all
0.8903394255874674,0.7832898172323799,4,0.8981723237597912,event_weighted_coverage,98,383,patch,original_class
0.8959700868764495,1.1281179138321829,4,0.9072512660147714,instance_weighted_coverage,98,383,patch,original_class
0.7857142857142857,0.0,4,0.7857142857142857,strict_all_events_gate,98,383,patch,original_class
0.9563711911357341,0.484764542936289,4,0.961218836565097,event_weighted_coverage,112,1444,read,original_class
0.9394385621644046,0.5338183990973633,4,0.9447767461553782,instance_weighted_coverage,112,1444,read,original_class
0.7142857142857143,4.46428571428571,4,0.7589285714285714,strict_all_events_gate,112,1444,read,original_class
0.8972332015810277,0.0,4,0.8972332015810277,event_weighted_coverage,101,759,search,original_class
0.8662091086519571,0.0,4,0.8662091086519571,instance_weighted_coverage,101,759,search,original_class
0.7029702970297029,0.0,4,0.7029702970297029,strict_all_events_gate,101,759,search,original_class
0.36380090497737555,0.0,4,0.36380090497737555,event_weighted_coverage,111,1105,shell,original_class
0.3540605310745905,0.0,4,0.3540605310745905,instance_weighted_coverage,111,1105,shell,original_class
0.018018018018018018,0.0,4,0.018018018018018018,strict_all_events_gate,111,1105,shell,original_class
0.056856187290969896,0.0,4,0.056856187290969896,event_weighted_coverage,65,299,test,original_class
0.06769596416655241,0.0,4,0.06769596416655241,instance_weighted_coverage,65,299,test,original_class
0.0,0.0,4,0.0,strict_all_events_gate,65,299,test,original_class
0.5766331658291457,0.0,4,0.5766331658291457,event_weighted_coverage,113,796,traversal,original_class
0.5864183964211186,0.0,4,0.5864183964211186,instance_weighted_coverage,113,796,traversal,original_class
0.22123893805309736,0.0,4,0.22123893805309736,strict_all_events_gate,113,796,traversal,original_class
0.8850746268656716,0.0,4,0.8850746268656716,event_weighted_coverage,108,670,write,original_class
0.903601810861286,0.0,4,0.903601810861286,instance_weighted_coverage,108,670,write,original_class
0.6851851851851852,0.0,4,0.6851851851851852,strict_all_events_gate,108,670,write,original_class
