start_mono_ns,end_mono_ns,duration_ms,preceding_lifecycle_kind,following_lifecycle_kind
317323192654358,317327453194702,4260.540344,,deployment_start_start
317475207535252,317476310235451,1102.700199,teardown,
317474039964749,317474138588606,98.623857,client_processing,teardown_start
317472805538700,317472881251638,75.712938,client_processing,client_processing_start
317463971145479,317464038483056,67.337577,client_processing,client_processing_start
317471635819795,317471702244841,66.425046,client_processing,client_processing_start
317467338249833,317467404351548,66.101715,client_processing,client_processing_start
317459965131383,317460027161723,62.03034,client_processing,client_processing_start
317456667234328,317456723273041,56.038713,client_processing,client_processing_start
317453236985653,317453290888453,53.9028,client_processing,client_processing_start
317450399802601,317450450273966,50.471365,client_processing,client_processing_start
317447704447922,317447751822023,47.374101,client_processing,client_processing_start
317446438907073,317446483484770,44.577697,client_processing,client_processing_start
317406018550616,317406057260976,38.71036,client_processing,client_processing_start
317445069305930,317445106460798,37.154868,client_processing,client_processing_start
317443613497086,317443650464664,36.967578,client_processing,client_processing_start
317442170101569,317442206192285,36.090716,client_processing,client_processing_start
317437727077140,317437758776080,31.69894,client_processing,client_processing_start
317434470748008,317434502238199,31.490191,client_processing,client_processing_start
317431788161676,317431817583903,29.422227,client_processing,client_processing_start
317430681954382,317430708329685,26.375303,client_processing,client_processing_start
317419020774562,317419045088084,24.313522,client_processing,client_processing_start
317416248373524,317416271520594,23.14707,client_processing,client_processing_start
317414688049005,317414709834513,21.785508,client_processing,client_processing_start
317413296450944,317413316848060,20.397116,client_processing,client_processing_start
317395347302991,317395367510097,20.207106,client_processing,client_processing_start
317406538349105,317406557790350,19.441245,client_processing,client_processing_start
317411873056792,317411891044545,17.987753,client_processing,client_processing_start
317410877997321,317410895076353,17.079032,client_processing,client_processing_start
317441764496327,317441780505367,16.00904,client_processing,client_processing_start
317407666873868,317407682605188,15.73132,client_processing,client_processing_start
317395765083389,317395777994195,12.910806,client_processing,client_processing_start
317381335191716,317381347840612,12.648896,client_processing,client_processing_start
317463267978724,317463280174450,12.195726,client_processing,client_processing_start
317380281336659,317380292902994,11.566335,client_processing,client_processing_start
317410482096652,317410491586064,9.489412,client_processing,client_processing_start
317455963657123,317455973044815,9.387692,client_processing,client_processing_start
317378167326398,317378176619920,9.293522,client_processing,client_processing_start
317466628981151,317466638248722,9.267571,client_processing,client_processing_start
317379253779556,317379262739298,8.959742,client_processing,client_processing_start
317452564564658,317452572911238,8.34658,client_processing,client_processing_start
317437331736891,317437340035771,8.29888,client_processing,client_processing_start
317459304186052,317459312393053,8.207001,client_processing,client_processing_start
317449787965694,317449795620114,7.65442,client_processing,client_processing_start
317376601851193,317376608486372,6.635179,client_processing,client_processing_start
317375639453174,317375645775982,6.322808,client_processing,client_processing_start
317374486420470,317374492651068,6.230598,client_processing,client_processing_start
317364580214930,317364585835457,5.620527,client_processing,client_processing_start
317373519488956,317373524770632,5.281676,client_processing,client_processing_start
317450211196329,317450216477256,5.280927,failure,client_processing_start
317416062753405,317416067813021,5.059616,failure,client_processing_start
317430498549816,317430503360972,4.811156,failure,client_processing_start
317446254108175,317446258900651,4.792476,failure,client_processing_start
317463786725502,317463791411458,4.685956,failure,client_processing_start
317363657372782,317363661869587,4.496805,client_processing,client_processing_start
317406328391005,317406332871801,4.480796,unknown_residual,client_processing_start
317376212212702,317376216660007,4.447305,unknown_residual,client_processing_start
317412920545580,317412924789266,4.243686,client_processing,client_processing_start
317377981077818,317377985312994,4.235176,failure,client_processing_start
317411377207734,317411381408639,4.200905,unknown_residual,client_processing_start
317445811306145,317445815489621,4.183476,client_processing,client_processing_start
317414305530673,317414309705928,4.175255,client_processing,client_processing_start
317434077296522,317434081428277,4.131755,unknown_residual,client_processing_start
317447520302595,317447524433210,4.130615,failure,client_processing_start
317351678482463,317351682612689,4.130226,deployment_start,startup_start
317407480111898,317407484198683,4.086785,failure,client_processing_start
317412904578030,317412908627605,4.049575,unknown_residual,client_processing_start
317411689523436,317411693552511,4.029075,failure,client_processing_start
317361886683443,317361890691068,4.007625,client_processing,client_processing_start
317431331819858,317431335793893,3.974035,unknown_residual,client_processing_start
317444890751910,317444894716425,3.964515,failure,client_processing_start
317362764319822,317362768243777,3.923955,client_processing,client_processing_start
317363290479009,317363294372355,3.893346,client_processing,client_processing_start
317444729120882,317444733008408,3.887526,client_processing,client_processing_start
317378861050461,317378864933776,3.883315,client_processing,client_processing_start
317434093319573,317434097083257,3.763684,client_processing,client_processing_start
317407320388722,317407324140087,3.751365,client_processing,client_processing_start
317442846879670,317442850617654,3.737984,client_processing,client_processing_start
317379953869408,317379957507292,3.637884,client_processing,client_processing_start
317430360787828,317430364381773,3.593945,client_processing,client_processing_start
317414291671155,317414295231780,3.560625,unknown_residual,client_processing_start
317362378274975,317362381778540,3.503565,unknown_residual,client_processing_start
317395583680115,317395587145500,3.465385,unknown_residual,client_processing_start
317456484558733,317456487991207,3.432474,unknown_residual,client_processing_start
317447369924732,317447373348206,3.423474,client_processing,client_processing_start
317411534616966,317411538016761,3.399795,client_processing,client_processing_start
317418643161536,317418646502430,3.340894,client_processing,client_processing_start
317378847933514,317378851261178,3.327664,unknown_residual,client_processing_start
317413321335356,317413324662770,3.327414,client_processing,client_processing_start
317472474620885,317472477924499,3.303614,unknown_residual,client_processing_start
317473465107210,317473468403964,3.296754,unknown_residual,client_processing_start
317415333352226,317415336621030,3.268804,client_processing,client_processing_start
317376225913259,317376229148023,3.234764,client_processing,client_processing_start
317379942737283,317379945958917,3.221634,unknown_residual,client_processing_start
317361502700748,317361505919723,3.218975,unknown_residual,client_processing_start
317380959117732,317380962327116,3.209384,client_processing,client_processing_start
317375268413777,317375271609471,3.195694,client_processing,client_processing_start
317380092139546,317380095319120,3.179574,unknown_residual,client_processing_start
317407159704065,317407162858859,3.154794,unknown_residual,client_processing_start
317377214254031,317377217387826,3.133795,client_processing,client_processing_start
317380272637948,317380275768582,3.130634,get_state,client_processing_start
317410458145491,317410461256115,3.110624,unknown_residual,client_processing_start
317472485564789,317472488674803,3.110014,client_processing,client_processing_start
317360975994980,317360979087115,3.092135,client_processing,client_processing_start
317443604054314,317443607121428,3.067114,get_state,client_processing_start
317463961955888,317463965006801,3.050913,get_state,client_processing_start
317459783935210,317459786980554,3.045344,unknown_residual,client_processing_start
317410693723994,317410696748818,3.024824,unknown_residual,client_processing_start
317449768224398,317449771246622,3.022224,unknown_residual,client_processing_start
317473475250753,317473478235576,2.984823,client_processing,client_processing_start
317443425479564,317443428453708,2.974144,unknown_residual,client_processing_start
317407659420628,317407662376742,2.956114,get_state,client_processing_start
317381352073297,317381355024051,2.950754,client_processing,client_processing_start
317379061448719,317379064399213,2.950494,unknown_residual,client_processing_start
317467152369654,317467155284778,2.915124,unknown_residual,client_processing_start
317434462559498,317434465467522,2.908024,get_state,client_processing_start
317378180391665,317378183299188,2.907523,client_processing,client_processing_start
317441982398747,317441985290850,2.892103,unknown_residual,client_processing_start
317414500437794,317414503316407,2.878613,unknown_residual,client_processing_start
317407687488415,317407690366728,2.878313,client_processing,client_processing_start
317381322630820,317381325505463,2.874643,get_state,client_processing_start
317380296966489,317380299788303,2.821814,client_processing,client_processing_start
317413115094251,317413117908494,2.814243,client_processing,get_state_start
317405948655177,317405951466070,2.810893,unknown_residual,client_processing_start
317376613188418,317376615984411,2.795993,client_processing,client_processing_start
317456659235248,317456662005692,2.770444,get_state,client_processing_start
317375631281174,317375634045617,2.764443,get_state,client_processing_start
317460032127410,317460034887463,2.760053,client_processing,client_processing_start
317395782711212,317395785462845,2.751633,client_processing,client_processing_start
317437717164977,317437719904870,2.739893,get_state,client_processing_start
317364589683972,317364592412675,2.728703,client_processing,client_processing_start
317411895277591,317411898005364,2.727773,client_processing,client_processing_start
317365958213053,317365960940177,2.727124,client_processing,client_processing_start
317364182873098,317364185582922,2.709824,client_processing,client_processing_start
317431777303511,317431780002815,2.699304,get_state,client_processing_start
317437537964826,317437540659720,2.694894,unknown_residual,client_processing_start
317455940654873,317455943343997,2.689124,unknown_residual,client_processing_start
317374286961023,317374289648597,2.687574,client_processing,get_state_start
317406518768760,317406521451314,2.682554,get_state,client_processing_start
317434284927339,317434287603953,2.676614,client_processing,get_state_start
317360982514869,317360985186262,2.671393,client_processing,client_processing_start
317374094656266,317374097320530,2.664264,client_processing,client_processing_start
317379242648872,317379245307575,2.658703,get_state,client_processing_start
317418628556447,317418631211481,2.655034,unknown_residual,client_processing_start
317452543915681,317452546568004,2.652323,unknown_residual,client_processing_start
317453053656847,317453056273361,2.616514,unknown_residual,client_processing_start
317360584102136,317360586713279,2.611143,unknown_residual,client_processing_start
317434279725852,317434282333946,2.608094,unknown_residual,client_processing_start
317419010490129,317419013094662,2.604533,get_state,client_processing_start
317473839511681,317473842112515,2.600834,unknown_residual,client_processing_start
317442163147250,317442165743933,2.596683,get_state,client_processing_start
317360595006330,317360597589983,2.583653,client_processing,client_processing_start
317431342715282,317431345294465,2.579183,client_processing,client_processing_start
317361513026352,317361515597655,2.571303,client_processing,client_processing_start
317376590897859,317376593466052,2.568193,get_state,client_processing_start
317361701222224,317361703787497,2.565273,unknown_residual,client_processing_start
317434507625466,317434510189059,2.563593,client_processing,client_processing_start
317471706677866,317471709240689,2.562823,client_processing,client_processing_start
317376416502745,317376419060958,2.558213,unknown_residual,client_processing_start
317446487785036,317446490330949,2.545913,client_processing,client_processing_start
317442692047410,317442694581254,2.533844,unknown_residual,client_processing_start
317464043555793,317464046082516,2.526723,client_processing,client_processing_start
317416276059059,317416278579922,2.520863,client_processing,client_processing_start
317362388794949,317362391307412,2.512463,client_processing,client_processing_start
317430675217683,317430677715596,2.497913,get_state,client_processing_start
317441987959684,317441990457357,2.497673,client_processing,get_state_start
317472623241516,317472625736449,2.494933,unknown_residual,client_processing_start
317374282604418,317374285094071,2.489653,unknown_residual,client_processing_start
317414505488720,317414507973604,2.484884,client_processing,get_state_start
317453229739534,317453232224117,2.484583,get_state,client_processing_start
317431605565401,317431608035074,2.469673,unknown_residual,client_processing_start
317363477460940,317363479912724,2.451784,unknown_residual,client_processing_start
317375454002536,317375456451059,2.448523,unknown_residual,client_processing_start
317406562699447,317406565147950,2.448503,client_processing,client_processing_start
317471619987235,317471622427428,2.440193,get_state,client_processing_start
317473844002287,317473846441940,2.439653,client_processing,get_state_start
317416241016694,317416243453477,2.436783,get_state,client_processing_start
317395294678563,317395297114377,2.435814,unknown_residual,client_processing_start
317453296011439,317453298437212,2.425773,client_processing,client_processing_start
317410868960490,317410871384003,2.423513,get_state,client_processing_start
317471443809518,317471446232821,2.423303,unknown_residual,client_processing_start
317413110624935,317413113047408,2.422473,unknown_residual,client_processing_start
317379266267582,317379268678366,2.410784,client_processing,client_processing_start
317474019696303,317474022105566,2.409263,get_state,client_processing_start
317418837920477,317418840327340,2.406863,unknown_residual,client_processing_start
317450218983828,317450221367192,2.383364,client_processing,get_state_start
317374496532383,317374498907166,2.374783,client_processing,client_processing_start
317395758375950,317395760743653,2.367703,get_state,client_processing_start
317379066839096,317379069203269,2.364173,client_processing,get_state_start
317406335060324,317406337413277,2.352953,client_processing,get_state_start
317437310850554,317437313201757,2.351203,unknown_residual,client_processing_start
317374459798496,317374462149129,2.350633,get_state,client_processing_start
317466605680651,317466608025603,2.344952,unknown_residual,client_processing_start
317381147982974,317381150323608,2.340634,unknown_residual,client_processing_start
317364374330235,317364376664458,2.334223,unknown_residual,client_processing_start
317443655919791,317443658251684,2.331893,client_processing,client_processing_start
317442211412862,317442213739635,2.326773,client_processing,client_processing_start
317446260552914,317446262877297,2.324383,client_processing,get_state_start
317380097669163,317380099993256,2.324093,client_processing,get_state_start
317413288843114,317413291156957,2.313843,get_state,client_processing_start
317472798378781,317472800689744,2.310963,get_state,client_processing_start
317378160679449,317378162989723,2.310274,get_state,client_processing_start
317414714345579,317414716632382,2.286803,client_processing,client_processing_start
317362772057452,317362774333655,2.276203,client_processing,client_processing_start
317430337330318,317430339604001,2.273683,unknown_residual,client_processing_start
317360788586149,317360790859612,2.273463,unknown_residual,client_processing_start
317472886814185,317472889087378,2.273193,client_processing,client_processing_start
317463241671681,317463243943224,2.271543,unknown_residual,client_processing_start
317361894515503,317361896782325,2.266822,client_processing,client_processing_start
317373528244997,317373530507630,2.262633,client_processing,client_processing_start
317375258523594,317375260785627,2.262033,unknown_residual,client_processing_start
317437763084466,317437765338129,2.253663,client_processing,client_processing_start
317456727804196,317456730047119,2.242923,client_processing,client_processing_start
317361875201278,317361877438421,2.237143,get_state,client_processing_start
317471075660734,317471077887437,2.226703,client_processing,client_processing_start
317375649321957,317375651548540,2.226583,client_processing,client_processing_start
317446431270353,317446433487246,2.216893,get_state,client_processing_start
317362757010223,317362759223326,2.213103,get_state,client_processing_start
317471061595976,317471063807809,2.211833,unknown_residual,client_processing_start
317450454161441,317450456365154,2.203713,client_processing,client_processing_start
317363665197122,317363667388015,2.190893,client_processing,client_processing_start
317463793061330,317463795250743,2.189413,client_processing,get_state_start
317430712000220,317430714188733,2.188513,client_processing,client_processing_start
317373511344995,317373513525848,2.180853,get_state,client_processing_start
317363279778186,317363281957858,2.179672,unknown_residual,client_processing_start
317362576318800,317362578493823,2.175023,unknown_residual,client_processing_start
317407486201305,317407488375868,2.174563,client_processing,get_state_start
317472627518091,317472629686634,2.168543,client_processing,get_state_start
317467329493832,317467331655735,2.161903,get_state,client_processing_start
317373335627499,317373337777492,2.149993,unknown_residual,client_processing_start
317447191940662,317447194089985,2.149323,unknown_residual,client_processing_start
317380945800704,317380947948597,2.147893,unknown_residual,client_processing_start
317441730255372,317441732401125,2.145753,unknown_residual,client_processing_start
317447697852023,317447699997616,2.145593,get_state,client_processing_start
317357886373014,317357888510937,2.137923,client_processing,client_processing_start
317467409110795,317467411230247,2.119452,client_processing,client_processing_start
317363649907572,317363652015095,2.107523,get_state,client_processing_start
317445800802592,317445802908674,2.106082,unknown_residual,client_processing_start
317414681125276,317414683226749,2.101473,get_state,client_processing_start
317456490045320,317456492125733,2.080413,client_processing,get_state_start
317411695471074,317411697550446,2.079372,client_processing,get_state_start
317459957753184,317459959826686,2.073502,get_state,client_processing_start
317395589356642,317395591429455,2.072813,client_processing,get_state_start
317410899010828,317410901060591,2.049763,client_processing,client_processing_start
317447756470779,317447758512951,2.042172,client_processing,client_processing_start
317357881228527,317357883269390,2.040863,setup,client_processing_start
317411866386614,317411868420786,2.034172,get_state,client_processing_start
317459283679246,317459285712359,2.033113,unknown_residual,client_processing_start
317364550106821,317364552133424,2.026603,get_state,client_processing_start
317445063381333,317445065366215,1.984882,get_state,client_processing_start
317430505501295,317430507477367,1.976072,client_processing,get_state_start
317415179314408,317415181281930,1.967522,unknown_residual,client_processing_start
317443430759031,317443432719843,1.960812,client_processing,get_state_start
317377204996389,317377206954012,1.957623,unknown_residual,client_processing_start
317377987476247,317377989428159,1.951912,client_processing,get_state_start
317375458378091,317375460328944,1.950853,client_processing,get_state_start
317376421611831,317376423540824,1.928993,client_processing,get_state_start
317419049681779,317419051597742,1.915963,client_processing,client_processing_start
317437542976043,317437544882335,1.906292,client_processing,get_state_start
317416069833144,317416071737486,1.904342,client_processing,get_state_start
317365948154370,317365950054423,1.900053,unknown_residual,client_processing_start
317445110724973,317445112619856,1.894883,client_processing,client_processing_start
317431822012819,317431823903161,1.890342,client_processing,client_processing_start
317364378443410,317364380330382,1.886972,client_processing,get_state_start
317450392278382,317450394159844,1.881462,get_state,client_processing_start
317364173702546,317364175576509,1.873963,unknown_residual,client_processing_start
317444718376139,317444720239211,1.863072,unknown_residual,client_processing_start
317459789008036,317459790835929,1.827893,client_processing,get_state_start
317361706101960,317361707922693,1.820733,client_processing,get_state_start
317374085831245,317374087636517,1.805272,unknown_residual,client_processing_start
317360959855490,317360961656592,1.801102,get_state,client_processing_start
317467157349100,317467159129913,1.780813,client_processing,get_state_start
317363481829376,317363483606238,1.776862,client_processing,get_state_start
317381152200160,317381153968242,1.768082,client_processing,get_state_start
317418842380532,317418844145315,1.764783,client_processing,get_state_start
317453058377543,317453060045395,1.667852,client_processing,get_state_start
317444896561028,317444898220150,1.659122,client_processing,get_state_start
317431609999096,317431611658209,1.659113,client_processing,get_state_start
317360792630365,317360794238317,1.607952,client_processing,get_state_start
317471448205273,317471449801625,1.596352,client_processing,get_state_start
317362580540006,317362582122248,1.582242,client_processing,get_state_start
317410698888600,317410700469783,1.581183,client_processing,get_state_start
317447526304103,317447527773294,1.469191,client_processing,get_state_start
317373339726184,317373341038646,1.312462,client_processing,get_state_start
