case_id,instance_id,outer_ms,predicted_accounted_ms,observed_accounted_ms,unaccounted_ms_diagnostic_only,e2e_error_percent,within25
assignment-production-v2:ee4fc39eafebc5d7c2ea1dce540d511f472d14ec3c13b9c8a70c78b3b4340129,astropy__astropy-14182,149770.617235,125552.43811249756,136235.8811020001,13534.736132999911,16.1701804864051,True
assignment-production-v2:648009374f4193ea13938de660cec315c8e9402e8e50dddfd752d3b735a57023,astropy__astropy-14995,190203.739798,130918.20018213485,179781.59186700004,10422.147930999956,31.169492081926208,False
assignment-production-v2:d204afe54b23a1ef26e269881f1cc7a74c1eb78a4799bc75846b78530c3a9ad3,astropy__astropy-6938,170980.177335,141279.41693582255,157451.21149799993,13528.965837000054,17.37087939789944,True
assignment-production-v2:89114c6e95ca38ffe2b961132463d2c11023bcb8221aef85021a0a4a7d0590d6,astropy__astropy-6938,112531.932544,101807.62350727363,103919.42896999998,8612.503574000017,9.530014098472146,True
assignment-production-v2:ec5c4b4fde38778eb803cd1ab5875d3ec95d7edaeaf43cf61f40fa4cf3e9d432,astropy__astropy-6938,133798.431287,110750.11258242716,123187.36950299997,10611.061784000049,17.226150174461914,True
assignment-production-v2:eea38a38eb6accd51fbcfcef363b6905ab95c04d996c3dd21f622d6d01f0d8c2,astropy__astropy-6938,158381.255048,130258.38885648067,145701.374616,12679.880432000005,17.756436001846453,True
assignment-production-v2:5fb250ecad9f9bb5fb41c816669933e6b341754ef0b9f696bf6a11bf79310751,astropy__astropy-6938,188114.86876,153188.60075977596,173999.12386999992,14115.744890000089,18.56645794691729,True
assignment-production-v2:2b43d2ae82642dc460d329a3f3ec9cffdc58aa4359b573788c0c80c08ca0615d,astropy__astropy-6938,172808.616008,132366.4729604359,162293.66437400007,10514.951633999939,23.40285107409915,True
assignment-production-v2:35a637c4950b3afde20e98bee4717c36a8766b6383da5440e822ccf4cd03e48b,astropy__astropy-6938,159142.226538,130857.9384858684,146193.927794,12948.298744,17.77296237927013,True
assignment-production-v2:42daecc96b509715a48d2b37e541693868db50c1af222eb38ff92877c28af7d8,astropy__astropy-6938,148818.80965,117042.962198325,136678.41006799997,12140.399582000042,21.352037102303896,True
assignment-production-v2:f5211968b925e2a58e91c89875b00c879c97bb86a6e6284cb1d7b5b38ee0436e,astropy__astropy-6938,179190.314733,133897.94164882708,167354.20962300006,11836.105109999946,25.27612787089536,False
assignment-production-v2:5d2eb13337f0a01131fe2f464ddaa794e45baf57cb8c5252d77fab7d262a2e96,astropy__astropy-6938,172852.787315,150333.610403056,162843.35540300002,10009.43191199997,13.027951276774004,True
assignment-production-v2:2bfbb7b400990ecc54cde359dfc03656c4643eec2602642318476f227be54b31,astropy__astropy-6938,126906.912987,102667.34455336769,118496.84100099996,8410.071986000039,19.100274258594055,True
assignment-production-v2:394940ef3cccb81d3ce05b1c54505ade4d4452f6da1470c0e31b11783eecdd7a,astropy__astropy-7746,150330.077395,123801.98068092512,139960.96052100003,10369.11687399997,17.646566258574424,True
assignment-production-v2:f24f36b50382ffaddd53bc6135104dd54c7e95525da285b419d018fed6d810f2,django__django-10914,159288.239457,130103.31908480251,146763.038466,12525.20099099999,18.3220810724548,True
assignment-production-v2:658d9b4adddbccf5f04641baea1dfd12b6633918119c1e9daba3942dc46bf542,django__django-10924,172909.494479,148556.79368667927,159950.66830300007,12958.826175999915,14.084073789989809,True
assignment-production-v2:beb578ac3d658dab06dcc329b2fa96b8963bf3125e1bb1fa448b455988986e70,django__django-11001,210893.368099,204786.1727720562,202860.038759,8033.329340000026,2.8958688374102466,True
assignment-production-v2:9753b925de1856843babcaf7c9fd29797cdbb925c5cdb813e25e570f038781c2,django__django-11039,140644.389539,130998.75199465157,133534.34630900002,7110.043229999981,6.858174418449689,True
assignment-production-v2:a702669a9fb02f57c0c9da38970c453c54d60551797c770a04b3596f7960b1a7,django__django-11049,217233.8395,163112.9999811039,205932.30646900006,11301.53303099994,24.913632076597395,True
assignment-production-v2:71f01739a89af864159f0872f5a5695111b54f22a504921a96a59a513d2c74e0,django__django-11099,158759.885336,104953.4474096087,150009.86622599998,8750.019110000023,33.89170873518531,False
assignment-production-v2:f66441c947ef44df36cee8694daafd2c9f8adbc0da08656d6913c339fd6ad3cb,django__django-11133,152823.958295,115374.50074853221,143565.97231599994,9257.985979000048,24.50496503576889,True
assignment-production-v2:f6ac399cb7c6ce7d3d40a279d5adae30ef140feb32dc9e2a07b2e75606781b51,django__django-11283,160709.577366,137956.891054583,153534.17743599997,7175.399930000043,14.157641806001427,True
assignment-production-v2:42c43eacf4acc33bef9a122e054e11907d4b46a6ebac08d2ce9cd2759560d34e,django__django-11422,310631.484556,222152.26096753043,293455.4309090003,17176.053646999702,28.4836624706401,False
assignment-production-v2:9431bc9cfbb8cd5cee6db5832bd0b25342313071976996d5b30515d00c738bdd,django__django-11564,275187.376195,218297.1047696662,256629.36018600006,18558.016008999955,20.67328531270304,True
assignment-production-v2:e10043c85731edc4ba85babd2f38e6cfd3cdc7acb1893f61829815ea5eeed22a,django__django-11583,142651.583082,100942.78379309755,131539.71388299996,11111.869199000037,29.23823093146264,False
assignment-production-v2:ad5d1b10f1aca67fdaea85e185f8765f62d70663fb55b8bef3d5789b7d72efbd,django__django-11630,224672.188344,157861.38184792065,206688.43661800004,17983.75172599996,29.737016845976505,False
assignment-production-v2:154f45c165a7edf3bb4077622ea49069caaa77f6cb427f06e249676327cd63ed,django__django-11742,284181.950742,200128.12518312343,269242.14400299976,14939.806739000254,29.577468005765944,False
assignment-production-v2:04e38fba0a5c3f03c0580bb5a5bb26914c2b16c10a0bc80f5b3b63e014426da8,django__django-11797,205398.632266,155111.432054852,189434.12233600003,15964.509929999971,24.48273372435311,True
assignment-production-v2:38afa46241a3f757d880ae6fba2bc1e088f83b39004f671b1568ec1a177c6eec,django__django-11815,199009.021203,148809.4684220021,186565.20715200005,12443.814050999965,25.224762414057423,False
assignment-production-v2:591763a03f067e26db3c77382530365ef68f283a7e0370bce0a64eff1338ccc4,django__django-11815,162562.750741,113723.07624402543,153854.88278899997,8707.86795200003,30.043582723810726,False
assignment-production-v2:0435ea5d4c16c43f1a2235bca066f1fe3e80faa09de5e56f299e460f1411aec4,django__django-11815,190140.984778,139979.4171164225,177022.28748000003,13118.697297999985,26.381249534467223,False
assignment-production-v2:aeffe5c8cdd9966ec37c440bc6c26f905e829714a8bea23e064015a59d1fde33,django__django-11815,200150.257311,148809.4684220021,187790.78066699998,12359.47664400001,25.65112310059282,False
assignment-production-v2:1aa9c8428543023958ce2f5ccc0f84df342a845ff0cb3f7d95f5522a11431cc6,django__django-11815,165265.49463,161314.52249040277,157867.41794899994,7398.076681000064,2.3906818228709827,True
assignment-production-v2:5817aefd514ba1caba9413ebe94dd2fd674bef7818bb076421ff62d5e4619a12,django__django-11815,260646.236587,247792.36281144462,250254.457006,10391.77958099998,4.931540138031087,True
assignment-production-v2:69bcb3565888715362f789c84b711483b0652bff11f2b1abff901f5913ac3f64,django__django-11815,182873.585694,179079.79847289293,174675.190244,8198.39545000001,2.074540840170966,True
assignment-production-v2:cb436c2a2a5b447aa018c7d548c6848a1b059ec660200c07ae7efc5383fd60f4,django__django-11815,152335.890718,148840.08723025222,144034.07413500003,8301.816582999978,2.294799650477067,True
assignment-production-v2:b45833d97ed9a34bbc008ff457f0fbb5fc26107447e435e825f47399b5d9b6f0,django__django-11815,193204.2958,189399.90870164853,182227.91901200006,10976.376787999936,1.9691006779112539,True
assignment-production-v2:e49a664bebdfdfdb6d3b25451bb990787a532dbb030078efee24433c87403c1f,django__django-11815,137231.194096,132758.12021904843,130543.01599300008,6688.178102999911,3.259516836836983,True
assignment-production-v2:56b4d5c6f0a285e14ab7ba7f9595be347668ee70994bcf0119cadf8889ee05ba,django__django-11815,160202.136233,157533.096743272,153208.27452699994,6993.861706000054,1.6660448808535904,True
assignment-production-v2:1ed9f91667b4b50e1b34416b5f65e973a09d21972d3eec746350ff8572d4396e,django__django-11815,126094.734331,123304.62252245533,118164.28347400001,7930.450856999989,2.2127108029908626,True
assignment-production-v2:f61bf3bd4b9b946c8956ed91c8171125cb417d1fc3699ae2572795f102eeeaf3,django__django-11964,321373.532262,287859.9970267758,302512.1584839999,18861.373778000125,10.42821883909914,True
assignment-production-v2:9cc942e1a586e828f860a4c3f025fca2600fdbe7ea78af58046042d5b3928048,django__django-11999,204150.37797,199524.94956227558,193705.12961799995,10445.248352000053,2.265696715194978,True
assignment-production-v2:2b664139cdbda0eb13b49a55d3757e7e6910451e43d74326ea435a30869e0fca,django__django-12113,241283.713815,140103.88219980928,233358.62705100002,7925.086763999978,41.933966456090175,False
